energy,energy_mean,energy_var,order,order_mean,order_var
-0.9812,-0.9812,0,0.0044,0.0044,0
-0.9812,-0.9812,0,0.0042,0.0043,3.99887e-08
-0.9812,-0.9812,-2.38419e-07,0.0042,0.00426667,2.66664e-08
-0.9816,-0.9813,1.58946e-07,0.004,0.0042,5.33255e-08
-0.9816,-0.98136,3.57628e-07,0.0038,0.00412,1.03988e-07
-0.982,-0.981467,5.72205e-07,0.004,0.0041,8.79911e-08
-0.982,-0.981543,1.19209e-06,0.0038,0.00405714,9.90403e-08
-0.9822,-0.981625,8.17435e-07,0.004,0.00405,8.57056e-08
-0.9822,-0.981689,1.43051e-06,0.004,0.00404445,7.55444e-08
-0.9822,-0.98174,1.69542e-06,0.0038,0.00402,7.90969e-08
-0.9822,-0.981782,1.90735e-06,0.004,0.00401818,7.12651e-08
-0.9822,-0.981817,2.08074e-06,0.004,0.00401667,6.48394e-08
-0.9822,-0.981846,2.06629e-06,0.004,0.00401539,5.94797e-08
-0.9822,-0.981871,2.05407e-06,0.004,0.00401429,5.49391e-08
-0.9822,-0.981893,1.63487e-06,0.0038,0.004,5.71339e-08
-0.982,-0.9819,1.78019e-06,0.0036,0.003975,7.3322e-08
-0.982,-0.981906,1.43051e-06,0.0036,0.00395294,8.52824e-08
-0.9824,-0.981933,6.59157e-07,0.0034,0.00392222,1.14248e-07
-0.9824,-0.981958,3.97364e-07,0.0032,0.00388421,1.62803e-07
-0.9824,-0.98198,1.75677e-07,0.0032,0.00385,2.01044e-07
-0.9824,-0.982,1.66893e-07,0.003,0.00380952,2.59805e-07
-0.9828,-0.982036,5.67663e-07,0.0032,0.00378182,2.81204e-07
-0.983,-0.982078,6.28558e-07,0.003,0.00374783,3.21575e-07
-0.983,-0.982117,1.34758e-06,0.0028,0.00370833,3.82461e-07
-0.983,-0.982152,1.37091e-06,0.0028,0.003672,4.32528e-07
-0.9834,-0.9822,1.50681e-06,0.0026,0.00363077,5.03623e-07
-0.9834,-0.982244,1.59557e-06,0.0026,0.00359259,5.62958e-07
-0.9834,-0.982286,1.71308e-06,0.0028,0.00356429,5.86976e-07
-0.9838,-0.982338,1.97547e-06,0.0026,0.00353104,6.30141e-07
-0.984,-0.982393,2.84458e-06,0.0028,0.00350667,6.44041e-07
-0.984,-0.982445,3.60807e-06,0.003,0.00349032,6.39137e-07
-0.9842,-0.9825,3.85315e-06,0.0032,0.00348125,6.23785e-07
-0.9842,-0.982552,3.60608e-06,0.0034,0.00347879,6.04692e-07
-0.9842,-0.9826,4.36378e-06,0.0032,0.00347059,5.9094e-07
-0.9842,-0.982646,4.43178e-06,0.0032,0.00346286,5.77743e-07
-0.984,-0.982683,3.985e-06,0.0034,0.00346111,5.61452e-07
-0.9842,-0.982724,4.03325e-06,0.0032,0.00345405,5.49544e-07
-0.9842,-0.982763,4.5364e-06,0.003,0.00344211,5.4554e-07
-0.9842,-0.9828,4.81856e-06,0.003,0.00343077,5.41204e-07
-0.9842,-0.982835,5.08626e-06,0.003,0.00342,5.36605e-07
-0.9842,-0.982868,4.93526e-06,0.003,0.00340976,5.31795e-07
-0.9842,-0.9829,5.55922e-06,0.003,0.0034,5.26818e-07
-0.9846,-0.98294,5.50066e-06,0.0028,0.00338605,5.31017e-07
-0.9846,-0.982977,5.44482e-06,0.0028,0.00337273,5.34277e-07
-0.9846,-0.983013,5.73288e-06,0.0028,0.00336,5.36716e-07
-0.9846,-0.983048,5.75384e-06,0.0028,0.00334783,5.3842e-07
-0.9848,-0.983085,6.76383e-06,0.003,0.00334043,5.31862e-07
-0.9848,-0.983121,7.06125e-06,0.003,0.00333333,5.25374e-07
-0.9848,-0.983155,6.63598e-06,0.0028,0.00332245,5.26037e-07
-0.9848,-0.983188,7.47369e-06,0.0028,0.003312,5.26222e-07
-0.9848,-0.983219,7.66754e-06,0.0028,0.00330196,5.25975e-07
-0.9852,-0.983258,7.61537e-06,0.0026,0.00328846,5.34618e-07
-0.9852,-0.983294,8.51888e-06,0.0024,0.0032717,5.54125e-07
-0.9856,-0.983337,8.63705e-06,0.0026,0.00325926,5.60378e-07
-0.9858,-0.983382,9.13938e-06,0.0028,0.00325091,5.57669e-07
-0.9858,-0.983425,9.1466e-06,0.0028,0.00324286,5.54791e-07
-0.9858,-0.983467,9.03436e-06,0.0028,0.00323509,5.51763e-07
-0.986,-0.98351,8.88841e-06,0.003,0.00323104,5.43985e-07
-0.986,-0.983552,9.12568e-06,0.003,0.00322712,5.36413e-07
-0.9862,-0.983597,9.83982e-06,0.0032,0.00322667,5.27348e-07
-0.9864,-0.983643,9.98179e-06,0.003,0.00322295,5.20243e-07
-0.9864,-0.983687,1.0123e-05,0.003,0.00321936,5.13316e-07
-0.9864,-0.98373,1.03443e-05,0.003,0.00321587,5.06562e-07
-0.9864,-0.983772,1.0831e-05,0.0032,0.00321563,4.98531e-07
-0.9864,-0.983812,1.08257e-05,0.0032,0.00321539,4.9075e-07
-0.9864,-0.983851,1.15101e-05,0.003,0.00321212,4.84604e-07
-0.9864,-0.983889,1.16825e-05,0.0028,0.00320597,4.82332e-07
-0.9864,-0.983926,1.29885e-05,0.0028,0.0032,4.79982e-07
-0.9866,-0.983965,1.28115e-05,0.003,0.0031971,4.74083e-07
-0.9866,-0.984003,1.31096e-05,0.0032,0.00319714,4.67213e-07
-0.9868,-0.984042,1.28474e-05,0.0034,0.0032,4.61699e-07
-0.9868,-0.984081,1.30224e-05,0.0036,0.00320556,4.5964e-07
-0.9872,-0.984123,1.38217e-05,0.0034,0.00320822,4.54292e-07
-0.9872,-0.984165,1.46121e-05,0.0032,0.00320811,4.48073e-07
-0.9872,-0.984205,1.48142e-05,0.0032,0.003208,4.42018e-07
-0.9874,-0.984247,1.56371e-05,0.0034,0.00321053,4.37095e-07
-0.9874,-0.984288,1.59364e-05,0.0034,0.00321299,4.32277e-07
-0.9874,-0.984328,1.59833e-05,0.0034,0.00321539,4.27556e-07
-0.9878,-0.984372,1.64356e-05,0.0036,0.00322025,4.25817e-07
-0.9878,-0.984415,1.64177e-05,0.0038,0.0032275,4.28829e-07
-0.9878,-0.984457,1.67549e-05,0.0038,0.00323457,4.31564e-07
-0.9878,-0.984497,1.65127e-05,0.0038,0.00324146,4.34029e-07
-0.9878,-0.984537,1.70208e-05,0.0036,0.00324578,4.31833e-07
-0.9878,-0.984576,1.67927e-05,0.0036,0.00325,4.29618e-07
-0.9878,-0.984614,1.66609e-05,0.0036,0.00325412,4.27386e-07
-0.9878,-0.984651,1.72952e-05,0.0034,0.00325582,4.22856e-07
-0.9878,-0.984687,1.72937e-05,0.0034,0.00325747,4.18417e-07
-0.9878,-0.984723,1.75772e-05,0.0034,0.00325909,4.14066e-07
-0.9878,-0.984757,1.73341e-05,0.0032,0.00325843,4.09442e-07
-0.9878,-0.984791,1.74394e-05,0.0032,0.00325778,4.04918e-07
-0.9878,-0.984824,1.74575e-05,0.0034,0.00325934,4.00865e-07
-0.9878,-0.984856,1.74753e-05,0.0034,0.00326087,3.96891e-07
-0.9878,-0.984888,1.79902e-05,0.0032,0.00326022,3.92658e-07
-0.9878,-0.984919,1.84121e-05,0.0034,0.0032617,3.8885e-07
-0.9878,-0.984949,1.88249e-05,0.0034,0.00326316,3.85114e-07
-0.9878,-0.984979,1.85465e-05,0.0034,0.00326458,3.81451e-07
-0.9882,-0.985012,1.87829e-05,0.0036,0.00326804,3.79798e-07
-0.9882,-0.985045,1.91718e-05,0.0036,0.00327143,3.78129e-07
-0.9882,-0.985077,1.95552e-05,0.0036,0.00327475,3.76454e-07
-0.9884,-0.98511,1.95696e-05,0.0034,0.003276,3.72966e-07
-0.9886,-0.985144,1.95122e-05,0.0032,0.00327525,3.6935e-07
-0.9888,-0.98518,1.99351e-05,0.0034,0.00327647,3.66e-07
-0.989,-0.985217,2.04549e-05,0.0032,0.00327573,3.62526e-07
-0.9892,-0.985256,2.11498e-05,0.0034,0.00327692,3.59304e-07
-0.9892,-0.985293,2.15356e-05,0.0034,0.0032781,3.56138e-07
-0.9892,-0.98533,2.19391e-05,0.0034,0.00327925,3.53028e-07
-0.9892,-0.985366,2.28837e-05,0.0034,0.00328037,3.49971e-07
-0.9892,-0.985402,2.357e-05,0.0036,0.00328333,3.48592e-07
-0.9892,-0.985436,2.42701e-05,0.0034,0.0032844,3.45616e-07
-0.9892,-0.985471,2.43974e-05,0.0036,0.00328727,3.44254e-07
-0.9894,-0.985506,2.47305e-05,0.0034,0.00328829,3.41354e-07
-0.9894,-0.985541,2.45421e-05,0.0034,0.00328929,3.38503e-07
-0.9896,-0.985577,2.50041e-05,0.0032,0.0032885,3.35623e-07
-0.9896,-0.985612,2.57619e-05,0.0034,0.00328947,3.32871e-07
-0.9898,-0.985648,2.62072e-05,0.0032,0.0032887,3.30093e-07
-0.9898,-0.985684,2.71756e-05,0.0034,0.00328966,3.27438e-07
-0.9898,-0.985719,2.78662e-05,0.0036,0.00329231,3.2626e-07
-0.99,-0.985756,2.78318e-05,0.0038,0.00329661,3.27839e-07
-0.99,-0.985791,2.86385e-05,0.0036,0.00329916,3.26607e-07
-0.9902,-0.985828,2.89889e-05,0.0038,0.00330333,3.28042e-07
-0.9902,-0.985864,3.02633e-05,0.0036,0.00330579,3.26764e-07
-0.9902,-0.9859,3.05058e-05,0.0036,0.0033082,3.2548e-07
-0.9904,-0.985936,3.12231e-05,0.0034,0.00330894,3.22949e-07
-0.9906,-0.985974,3.17853e-05,0.0032,0.00330807,3.20516e-07
-0.9906,-0.986011,3.23403e-05,0.0032,0.0033072,3.18116e-07
-0.9906,-0.986047,3.28865e-05,0.0034,0.00330794,3.15708e-07
-0.9908,-0.986085,3.32802e-05,0.0032,0.00330709,3.1339e-07
-0.991,-0.986123,3.38648e-05,0.003,0.00330469,3.12396e-07
-0.991,-0.986161,3.47085e-05,0.003,0.00330233,3.11397e-07
-0.9912,-0.9862,3.52564e-05,0.0032,0.00330154,3.09145e-07
-0.9912,-0.986238,3.60305e-05,0.0032,0.00330076,3.06925e-07
-0.991,-0.986274,3.72297e-05,0.0034,0.00330152,3.0473e-07
-0.991,-0.986309,3.72981e-05,0.0034,0.00330226,3.02565e-07
-0.991,-0.986344,3.77634e-05,0.0036,0.00330448,3.01611e-07
-0.991,-0.986379,3.82431e-05,0.0038,0.00330815,3.02997e-07
-0.991,-0.986413,3.90123e-05,0.0036,0.00331029,3.02004e-07
-0.9912,-0.986448,3.9276e-05,0.0034,0.00331095,2.99903e-07
-0.9912,-0.986482,4.0204e-05,0.0036,0.00331304,2.98924e-07
-0.9914,-0.986517,4.05519e-05,0.0034,0.00331367,2.96864e-07
-0.9914,-0.986552,4.11418e-05,0.0034,0.00331429,2.94834e-07
-0.9914,-0.986587,4.21967e-05,0.0034,0.00331489,2.92832e-07
-0.9914,-0.98662,4.32299e-05,0.0032,0.00331408,2.90942e-07
-0.9914,-0.986654,4.42485e-05,0.003,0.00331189,2.90274e-07
-0.9916,-0.986688,4.52545e-05,0.0032,0.00331111,2.88419e-07
-0.9916,-0.986722,4.57168e-05,0.0034,0.00331172,2.86525e-07
-0.9918,-0.986757,4.61611e-05,0.0036,0.0033137,2.85687e-07
-0.992,-0.986792,4.62107e-05,0.0034,0.00331429,2.83828e-07
-0.992,-0.986828,4.65711e-05,0.0036,0.00331622,2.83001e-07
-0.9922,-0.986864,4.68025e-05,0.0038,0.00331946,2.8423e-07
-0.9926,-0.986902,4.73509e-05,0.0036,0.00332133,2.8337e-07
-0.9926,-0.98694,4.728e-05,0.0038,0.0033245,2.84519e-07
-0.9926,-0.986977,4.77121e-05,0.004,0.00332895,2.88635e-07
-0.9928,-0.987015,4.81464e-05,0.0042,0.00333464,2.96656e-07
-0.9928,-0.987053,4.87995e-05,0.0042,0.00334026,3.04443e-07
-0.9928,-0.98709,4.92474e-05,0.0042,0.00334581,3.12008e-07
-0.9928,-0.987126,4.96926e-05,0.0044,0.00335256,3.2424e-07
-0.9928,-0.987162,5.09146e-05,0.0042,0.00335796,3.31311e-07
-0.9928,-0.987198,5.0566e-05,0.0042,0.00336329,3.38179e-07
-0.9928,-0.987233,5.10065e-05,0.0044,0.00336981,3.49559e-07
-0.9928,-0.987268,5.14414e-05,0.0044,0.00337625,3.60624e-07
-0.9928,-0.987302,5.21094e-05,0.0042,0.00338137,3.66803e-07
-0.993,-0.987337,5.31451e-05,0.0044,0.00338765,3.77333e-07
-0.993,-0.987372,5.36972e-05,0.0046,0.00339509,3.93041e-07
-0.993,-0.987406,5.3868e-05,0.0048,0.00340366,4.14698e-07
-0.993,-0.98744,5.4406e-05,0.0048,0.00341212,4.35804e-07
-0.993,-0.987474,5.49374e-05,0.0048,0.00342048,4.56369e-07
-0.993,-0.987507,5.58934e-05,0.0048,0.00342874,4.76412e-07
-0.993,-0.98754,5.59241e-05,0.0048,0.0034369,4.95944e-07
-0.9932,-0.987573,5.63321e-05,0.005,0.00344615,5.21906e-07
-0.9932,-0.987606,5.68254e-05,0.005,0.00345529,5.47223e-07
-0.9932,-0.987639,5.7313e-05,0.0048,0.00346316,5.6515e-07
-0.9932,-0.987671,5.8149e-05,0.005,0.00347209,5.89307e-07
-0.9934,-0.987704,5.82892e-05,0.0048,0.00347977,6.06263e-07
-0.9936,-0.987738,5.86207e-05,0.0046,0.00348621,6.17184e-07
-0.9938,-0.987773,5.89661e-05,0.0048,0.00349371,6.33362e-07
-0.9938,-0.987807,5.93049e-05,0.0048,0.00350114,6.4913e-07
-0.994,-0.987842,5.95735e-05,0.005,0.00350961,6.70823e-07
-0.9942,-0.987878,6.05475e-05,0.0052,0.0035191,6.99137e-07
-0.9946,-0.987915,6.09079e-05,0.0054,0.00352961,7.3474e-07
-0.9948,-0.987954,6.12975e-05,0.0056,0.00354111,7.78261e-07
-0.995,-0.987992,6.27266e-05,0.0058,0.00355359,8.30323e-07
-0.995,-0.988031,6.35379e-05,0.0056,0.00356484,8.71761e-07
-0.995,-0.988069,6.48577e-05,0.0058,0.00357705,9.21578e-07
-0.995,-0.988107,6.53267e-05,0.006,0.00359022,9.80351e-07
-0.995,-0.988144,6.62052e-05,0.006,0.00360324,1.0378e-06
-0.995,-0.988181,6.70536e-05,0.006,0.00361613,1.09396e-06
-0.995,-0.988217,6.85492e-05,0.0058,0.00362781,1.1391e-06
-0.995,-0.988253,6.9376e-05,0.0058,0.00363936,1.1832e-06
-0.9952,-0.98829,7.00596e-05,0.006,0.00365185,1.23589e-06
-0.9952,-0.988326,7.10487e-05,0.006,0.00366421,1.28739e-06
-0.9952,-0.988362,7.17238e-05,0.0062,0.00367749,1.34795e-06
-0.9952,-0.988398,7.3011e-05,0.0062,0.00369063,1.40718e-06
-0.9954,-0.988434,7.33609e-05,0.006,0.00370259,1.45512e-06
-0.9954,-0.98847,7.40086e-05,0.006,0.00371443,1.502e-06
-0.9954,-0.988506,7.40007e-05,0.0058,0.00372513,1.53887e-06
-0.9954,-0.988541,7.46189e-05,0.006,0.00373673,1.58378e-06
-0.9952,-0.988575,7.55325e-05,0.0062,0.00374924,1.6373e-06
-0.9954,-0.988609,7.58365e-05,0.0064,0.00376263,1.69996e-06
-0.9956,-0.988644,7.64746e-05,0.0062,0.00377487,1.75108e-06
-0.9956,-0.988679,7.64928e-05,0.006,0.003786,1.79179e-06
-0.9956,-0.988714,7.65109e-05,0.0062,0.00379801,1.84082e-06
-0.9956,-0.988748,7.71266e-05,0.006,0.00380891,1.87966e-06
-0.9958,-0.988782,7.65595e-05,0.0058,0.00381872,1.90942e-06
-0.996,-0.988818,7.75318e-05,0.006,0.00382941,1.94666e-06
-0.9964,-0.988855,7.79664e-05,0.0058,0.00383902,1.975e-06
-0.9964,-0.988891,7.90015e-05,0.0058,0.00384854,2.0027e-06
-0.9964,-0.988928,7.90878e-05,0.0056,0.003857,2.02262e-06
-0.9968,-0.988965,8.04346e-05,0.0058,0.00386635,2.04914e-06
-0.9968,-0.989003,8.09615e-05,0.006,0.00387656,2.08285e-06
-0.997,-0.989041,8.2786e-05,0.0058,0.00388571,2.10813e-06
-0.997,-0.989079,8.3392e-05,0.006,0.00389573,2.14046e-06
-0.997,-0.989116,8.51143e-05,0.0062,0.0039066,2.1804e-06
-0.9972,-0.989154,8.605e-05,0.0064,0.00391831,2.22849e-06
-0.9974,-0.989192,8.69086e-05,0.0066,0.00393084,2.28524e-06
-0.9974,-0.989231,8.74729e-05,0.0068,0.00394419,2.35113e-06
-0.9974,-0.989269,8.83169e-05,0.007,0.00395833,2.42666e-06
-0.9976,-0.989307,8.91619e-05,0.0072,0.00397327,2.51227e-06
-0.9978,-0.989346,9.00717e-05,0.0074,0.00398899,2.60842e-06
-0.9978,-0.989385,9.09425e-05,0.0076,0.00400548,2.71554e-06
-0.9978,-0.989423,9.15593e-05,0.0076,0.00402182,2.8206e-06
-0.998,-0.989462,9.24934e-05,0.0074,0.0040371,2.91106e-06
-0.9982,-0.989501,9.34288e-05,0.0076,0.00405315,3.01225e-06
-0.9982,-0.98954,9.46286e-05,0.0074,0.00406816,3.09914e-06
-0.9982,-0.989579,9.55428e-05,0.0074,0.00408304,3.18436e-06
-0.9982,-0.989617,9.61764e-05,0.0076,0.00409867,3.2801e-06
-0.9984,-0.989656,9.74305e-05,0.0074,0.00411327,3.36197e-06
-0.9986,-0.989695,9.84437e-05,0.0072,0.00412687,3.43104e-06
-0.9986,-0.989734,9.94489e-05,0.007,0.00413947,3.48833e-06
-0.9986,-0.989773,9.99078e-05,0.007,0.00415197,3.5445e-06
-0.9986,-0.989811,0.000100871,0.007,0.00416435,3.59955e-06
-0.999,-0.989851,0.000102209,0.0068,0.00417576,3.64406e-06
-0.9992,-0.989891,0.000102797,0.007,0.00418793,3.69704e-06
-0.9992,-0.989931,0.000103644,0.0072,0.00420086,3.75899e-06
-0.9992,-0.989971,0.000104485,0.007,0.00421282,3.80983e-06
-0.9992,-0.99001,0.000105065,0.007,0.00422468,3.85966e-06
-0.9994,-0.99005,0.000106277,0.0072,0.00423729,3.91825e-06
-0.9994,-0.99009,0.000106638,0.0072,0.00424979,3.97571e-06
-0.9994,-0.990129,0.000107896,0.0074,0.00426303,4.04232e-06
-0.9996,-0.990168,0.000108936,0.0076,0.00427699,4.11852e-06
-0.9996,-0.990208,0.000109712,0.0076,0.00429083,4.1933e-06
-0.9996,-0.990247,0.000110735,0.0076,0.00430456,4.2667e-06
-0.9996,-0.990285,0.000111435,0.0074,0.00431736,4.32818e-06
-0.9996,-0.990324,0.000112366,0.0074,0.00433004,4.38849e-06
-0.9996,-0.990362,0.000113026,0.0074,0.00434262,4.44768e-06
-0.9996,-0.990399,0.000113868,0.0074,0.0043551,4.50575e-06
-0.9998,-0.990438,0.000114912,0.0076,0.00436829,4.57296e-06
-0.9998,-0.990476,0.000115978,0.0078,0.00438219,4.64973e-06
-0.9998,-0.990513,0.00011703,0.0076,0.00439516,4.71442e-06
-0.9998,-0.99055,0.000117811,0.0076,0.00440803,4.77791e-06
-0.9998,-0.990587,0.000118801,0.0074,0.00442,4.83033e-06
-0.9998,-0.990624,0.000119287,0.0076,0.00443267,4.89159e-06
-0.9998,-0.990661,0.000120256,0.0078,0.00444603,4.9621e-06
-0.9998,-0.990697,0.000121232,0.008,0.00446008,5.04224e-06
-1,-0.990733,0.000122341,0.0082,0.0044748,5.13245e-06
-1,-0.99077,0.000123486,0.0084,0.0044902,5.23309e-06
-1,-0.990806,0.000124397,0.0084,0.00450547,5.33199e-06
-1.0002,-0.990842,0.000125591,0.0082,0.00451984,5.41738e-06
-1.0006,-0.99088,0.000127059,0.008,0.00453333,5.49019e-06
-1.0006,-0.990918,0.000127338,0.008,0.00454672,5.5617e-06
-1.0008,-0.990956,0.000128877,0.0082,0.00456077,5.64289e-06
-1.0008,-0.990993,0.000130637,0.0082,0.00457471,5.72267e-06
-1.0012,-0.991032,0.00013232,0.0084,0.00458931,5.81245e-06
-1.0014,-0.991072,0.000133476,0.0086,0.00460456,5.91258e-06
-1.0014,-0.991111,0.000135074,0.0088,0.00462046,6.02345e-06
-1.0014,-0.99115,0.000136,0.0088,0.00463623,6.13246e-06
-1.0016,-0.991189,0.000138,0.0086,0.00465113,6.22746e-06
-1.0018,-0.991229,0.000139068,0.0088,0.00466667,6.33298e-06
-1.0018,-0.991268,0.000140456,0.0086,0.00468134,6.42472e-06
-1.002,-0.991308,0.000141126,0.0084,0.00469517,6.50357e-06
-1.002,-0.991348,0.000141741,0.0084,0.00470889,6.58106e-06
-1.0022,-0.991388,0.000143713,0.0082,0.00472177,6.64663e-06
-1.0024,-0.991428,0.000144383,0.0084,0.00473529,6.72158e-06
-1.0024,-0.991468,0.000145441,0.0084,0.00474872,6.79526e-06
-1.0024,-0.991508,0.000146478,0.0082,0.00476131,6.85731e-06
-1.0028,-0.991549,0.000147743,0.008,0.00477309,6.90857e-06
-1.003,-0.991591,0.000149517,0.0082,0.00478551,6.96854e-06
-1.0028,-0.991631,0.000150772,0.0084,0.00479856,7.03762e-06
-1.003,-0.991672,0.000152259,0.0082,0.00481079,7.09545e-06
-1.0032,-0.991714,0.000154205,0.0084,0.00482366,7.16227e-06
-1.0032,-0.991755,0.000155206,0.0084,0.00483643,7.22796e-06
-1.0032,-0.991795,0.000157237,0.0086,0.00484982,7.30295e-06
-1.0034,-0.991837,0.000158393,0.0084,0.00486241,7.36635e-06
-1.0034,-0.991877,0.000159977,0.0084,0.00487491,7.42868e-06
-1.0034,-0.991918,0.000161548,0.0084,0.00488732,7.48993e-06
-1.0034,-0.991958,0.000163115,0.0082,0.00489895,7.54056e-06
-1.0034,-0.991998,0.000164932,0.0082,0.00491049,7.59029e-06
-1.0034,-0.992038,0.000166723,0.0082,0.00492195,7.63916e-06
-1.0034,-0.992077,0.000168528,0.0082,0.00493333,7.68716e-06
-1.0034,-0.992116,0.000169896,0.0082,0.00494464,7.73431e-06
-1.0034,-0.992155,0.000171645,0.0084,0.00495655,7.78989e-06
-1.0034,-0.992194,0.000173316,0.0084,0.00496839,7.84452e-06
-1.0036,-0.992233,0.000174817,0.0086,0.00498082,7.90789e-06
-1.0038,-0.992272,0.000175969,0.0088,0.00499386,7.98037e-06
-1.0038,-0.992312,0.000176632,0.0088,0.0050068,8.05167e-06
-1.0038,-0.992351,0.000177769,0.009,0.00502034,8.1324e-06
-1.0038,-0.992389,0.000178693,0.009,0.00503378,8.21184e-06
-1.0038,-0.992428,0.000179713,0.0092,0.00504781,8.30099e-06
-1.0038,-0.992466,0.00018088,0.0094,0.00506242,8.40016e-06
-1.0038,-0.992504,0.000181528,0.0094,0.00507692,8.49783e-06
-1.0036,-0.992541,0.000183026,0.0096,0.005092,8.6058e-06
-1.0038,-0.992578,0.00018417,0.0098,0.00510764,8.72439e-06
-1.0038,-0.992616,0.000185409,0.0098,0.00512318,8.84123e-06
-1.0038,-0.992653,0.000186033,0.0096,0.00513795,8.94423e-06
-1.0038,-0.992689,0.00018703,0.0098,0.00515329,9.05772e-06
-1.004,-0.992726,0.000188484,0.01,0.00516918,9.18196e-06
-1.0044,-0.992765,0.000189259,0.0098,0.00518431,9.29202e-06
-1.0044,-0.992802,0.000190426,0.0098,0.00519935,9.40046e-06
-1.0044,-0.99284,0.000191598,0.0096,0.00521364,9.4956e-06
-1.0044,-0.992877,0.000192357,0.0094,0.00522718,9.57821e-06
-1.0044,-0.992915,0.0001935,0.0092,0.00524,9.64906e-06
-1.0044,-0.992952,0.000194722,0.0092,0.00525273,9.71878e-06
-1.0044,-0.992988,0.000196021,0.009,0.00526474,9.77754e-06
-1.0044,-0.993025,0.000196738,0.009,0.00527668,9.83536e-06
-1.0044,-0.993061,0.000198084,0.0092,0.00528917,9.90198e-06
-1.0044,-0.993097,0.000198935,0.009,0.00530095,9.95787e-06
-1.0044,-0.993133,0.000200278,0.0092,0.00531329,1.00225e-05
-1.0042,-0.993168,0.000200667,0.009,0.00532492,1.00765e-05
-1.0042,-0.993202,0.000201054,0.0088,0.00533585,1.01207e-05
-1.0044,-0.993237,0.000202653,0.0086,0.00534608,1.01556e-05
-1.0044,-0.993272,0.000203476,0.0088,0.00535687,1.01984e-05
-1.0044,-0.993307,0.000203922,0.0088,0.0053676,1.02404e-05
-1.0046,-0.993342,0.000204704,0.0086,0.00537764,1.02734e-05
-1.0048,-0.993377,0.000206019,0.0084,0.005387,1.0298e-05
-1.0048,-0.993413,0.000207302,0.0084,0.0053963,1.03222e-05
-1.005,-0.993448,0.000207876,0.0082,0.00540492,1.03387e-05
-1.005,-0.993484,0.000208834,0.008,0.00541288,1.03482e-05
-1.005,-0.993519,0.000209223,0.008,0.00542079,1.03574e-05
-1.005,-0.993554,0.000211103,0.0082,0.00542927,1.03728e-05
-1.005,-0.993589,0.000212041,0.0082,0.00543769,1.03878e-05
-1.005,-0.993623,0.000213345,0.0084,0.00544667,1.04095e-05
-1.0052,-0.993658,0.000214283,0.0082,0.00545498,1.04237e-05
-1.0052,-0.993693,0.000216231,0.0082,0.00546325,1.04376e-05
-1.0052,-0.993728,0.000217481,0.008,0.00547087,1.04448e-05
-1.0054,-0.993763,0.000218053,0.0082,0.00547904,1.04581e-05
-1.0056,-0.993798,0.000218643,0.0084,0.00548776,1.04777e-05
-1.0056,-0.993833,0.000219274,0.0082,0.00549583,1.04902e-05
-1.0056,-0.993868,0.000219518,0.0084,0.00550445,1.0509e-05
-1.0056,-0.993903,0.000219704,0.0084,0.00551302,1.05275e-05
-1.0056,-0.993937,0.000219884,0.0084,0.00552153,1.05455e-05
-1.0054,-0.993971,0.000220763,0.0086,0.00553059,1.05702e-05
-1.0054,-0.994005,0.000221412,0.0086,0.00553959,1.05943e-05
-1.0056,-0.994039,0.000222159,0.0084,0.00554795,1.06111e-05
-1.0056,-0.994072,0.000222142,0.0086,0.00555685,1.06344e-05
-1.0056,-0.994106,0.00022284,0.0088,0.00556628,1.06646e-05
-1.0056,-0.994139,0.000223445,0.0086,0.00557507,1.06869e-05
-1.0056,-0.994172,0.000223339,0.0086,0.00558381,1.07088e-05
-1.0058,-0.994206,0.000224357,0.0084,0.00559193,1.07236e-05
-1.0058,-0.994239,0.000225018,0.0084,0.0056,1.0738e-05
-1.0058,-0.994272,0.000226396,0.0084,0.00560802,1.07521e-05
-1.0058,-0.994305,0.000226641,0.0082,0.00561543,1.07597e-05
-1.0058,-0.994338,0.000227192,0.0082,0.00562279,1.0767e-05
-1.0058,-0.994371,0.000228088,0.0084,0.00563068,1.07802e-05
-1.0058,-0.994403,0.000228286,0.0086,0.00563909,1.07995e-05
-1.006,-0.994436,0.000228871,0.0088,0.00564802,1.08253e-05
-1.0062,-0.994469,0.000229903,0.009,0.00565746,1.08581e-05
-1.0062,-0.994502,0.000231251,0.0088,0.00566629,1.08829e-05
-1.0064,-0.994535,0.000231652,0.0086,0.00567451,1.09006e-05
-1.0066,-0.994569,0.00023312,0.0088,0.00568324,1.09246e-05
-1.0066,-0.994602,0.000234151,0.0086,0.00569136,1.09415e-05
-1.0066,-0.994636,0.000235515,0.0084,0.00569889,1.09518e-05
-1.0068,-0.994669,0.000236269,0.0082,0.00570582,1.0956e-05
-1.0068,-0.994703,0.000237351,0.0082,0.00571271,1.09601e-05
-1.0068,-0.994736,0.000237731,0.0084,0.00572011,1.09696e-05
-1.0068,-0.994769,0.000238645,0.0082,0.00572692,1.09731e-05
-1.007,-0.994803,0.000239677,0.0084,0.00573425,1.09821e-05
-1.0072,-0.994837,0.000240773,0.0082,0.00574098,1.09853e-05
-1.0072,-0.99487,0.000241715,0.0082,0.00574768,1.09882e-05
-1.0074,-0.994904,0.000242704,0.0084,0.00575489,1.09965e-05
-1.0074,-0.994938,0.000244744,0.0084,0.00576206,1.10046e-05
-1.0074,-0.994972,0.00024572,0.0082,0.00576865,1.10069e-05
-1.0076,-0.995006,0.000247107,0.008,0.00577466,1.1004e-05
-1.0078,-0.99504,0.000247897,0.0082,0.00578118,1.10059e-05
-1.008,-0.995075,0.000249395,0.0084,0.0057882,1.10131e-05
-1.008,-0.99511,0.000250479,0.0082,0.00579465,1.10147e-05
-1.0082,-0.995145,0.000251302,0.008,0.00580053,1.10112e-05
-1.0082,-0.995179,0.000252116,0.0082,0.00580691,1.10125e-05
-1.0082,-0.995214,0.000253269,0.0082,0.00581326,1.10135e-05
-1.0082,-0.995248,0.000254416,0.0082,0.00581957,1.10145e-05
-1.0082,-0.995282,0.000255262,0.0082,0.00582585,1.10152e-05
-1.0084,-0.995317,0.000256488,0.0084,0.00583263,1.10211e-05
-1.0088,-0.995352,0.000258122,0.0082,0.00583884,1.10215e-05
-1.009,-0.995388,0.000258845,0.0084,0.00584555,1.10269e-05
-1.009,-0.995424,0.000260573,0.0082,0.00585169,1.1027e-05
-1.009,-0.995459,0.000261658,0.0082,0.00585781,1.10269e-05
-1.0092,-0.995495,0.000262883,0.0084,0.00586441,1.10318e-05
-1.0094,-0.995531,0.000264516,0.0082,0.00587046,1.10314e-05
-1.0094,-0.995566,0.000266003,0.0084,0.005877,1.10359e-05
-1.0096,-0.995603,0.000267243,0.0086,0.00588402,1.10456e-05
-1.0098,-0.995639,0.000268175,0.0084,0.00589048,1.10496e-05
-1.0098,-0.995675,0.000269593,0.0086,0.00589743,1.10589e-05
-1.0098,-0.995712,0.000271012,0.0086,0.00590434,1.10679e-05
-1.0098,-0.995747,0.000273361,0.0088,0.00591173,1.10824e-05
-1.0098,-0.995783,0.000274337,0.0086,0.00591857,1.10909e-05
-1.0098,-0.995819,0.000275609,0.0084,0.00592487,1.10939e-05
-1.0098,-0.995854,0.000277553,0.0086,0.00593164,1.1102e-05
-1.0098,-0.995889,0.000278463,0.0086,0.00593838,1.11098e-05
-1.0098,-0.995924,0.000279388,0.0084,0.00594458,1.11123e-05
-1.0098,-0.995959,0.000280673,0.0086,0.00595125,1.11197e-05
-1.0098,-0.995994,0.000282546,0.0088,0.00595839,1.11325e-05
-1.0098,-0.996028,0.000283492,0.0088,0.0059655,1.1145e-05
-1.0098,-0.996063,0.000285044,0.0088,0.00597256,1.11572e-05
-1.01,-0.996097,0.000286127,0.0086,0.0059791,1.11637e-05
-1.01,-0.996132,0.000286845,0.0088,0.0059861,1.11754e-05
-1.01,-0.996166,0.00028787,0.0086,0.00599257,1.11815e-05
-1.0102,-0.996201,0.000289195,0.0084,0.00599851,1.11825e-05
-1.0102,-0.996235,0.000290847,0.0082,0.00600394,1.11787e-05
-1.0104,-0.99627,0.000291961,0.008,0.00600884,1.11708e-05
-1.0106,-0.996305,0.000293441,0.0082,0.00601421,1.11669e-05
-1.0106,-0.99634,0.000294543,0.008,0.00601907,1.11588e-05
-1.0106,-0.996375,0.000296229,0.0082,0.00602438,1.11547e-05
-1.011,-0.996411,0.00029746,0.0084,0.00603017,1.1155e-05
-1.0112,-0.996446,0.00029874,0.0086,0.0060364,1.11599e-05
-1.0112,-0.996482,0.000300037,0.0084,0.00604213,1.11598e-05
-1.0112,-0.996518,0.000301329,0.0084,0.00604782,1.11597e-05
-1.0114,-0.996554,0.000302395,0.0082,0.00605301,1.11551e-05
-1.0114,-0.996589,0.000303756,0.0084,0.00605865,1.11547e-05
-1.0114,-0.996625,0.000304614,0.0082,0.00606378,1.11498e-05
-1.0114,-0.99666,0.000305587,0.0084,0.00606937,1.11492e-05
-1.0116,-0.996696,0.000307141,0.0086,0.00607541,1.11531e-05
-1.0116,-0.996731,0.000308915,0.0086,0.00608142,1.11568e-05
-1.0116,-0.996767,0.00031011,0.0084,0.00608693,1.11558e-05
-1.0116,-0.996802,0.000311593,0.0082,0.00609194,1.11505e-05
-1.0118,-0.996837,0.000312558,0.008,0.00609645,1.11413e-05
-1.0118,-0.996873,0.000313806,0.0078,0.00610047,1.11286e-05
-1.012,-0.996908,0.000315484,0.0076,0.00610399,1.11129e-05
-1.012,-0.996944,0.000317082,0.0074,0.00610704,1.10947e-05
-1.012,-0.996979,0.000318816,0.0072,0.0061096,1.10742e-05
-1.012,-0.997014,0.000320041,0.0072,0.00611214,1.10538e-05
-1.0122,-0.997049,0.000321412,0.007,0.00611421,1.10317e-05
-1.0122,-0.997085,0.000322206,0.0072,0.00611674,1.10115e-05
-1.0124,-0.99712,0.000324483,0.007,0.00611879,1.09895e-05
-1.0124,-0.997155,0.000325842,0.007,0.00612083,1.09676e-05
-1.0124,-0.997191,0.00032726,0.0068,0.0061224,1.09443e-05
-1.0124,-0.997226,0.000328954,0.0066,0.0061235,1.09201e-05
-1.0124,-0.997261,0.000330428,0.0064,0.00612413,1.08953e-05
-1.0124,-0.997295,0.000332107,0.0064,0.00612477,1.08706e-05
-1.0124,-0.99733,0.000333283,0.0066,0.00612585,1.08467e-05
-1.0124,-0.997364,0.000334593,0.0068,0.00612739,1.0824e-05
-1.0124,-0.997398,0.000336251,0.0066,0.00612847,1.08003e-05
-1.0124,-0.997433,0.000337553,0.0064,0.00612909,1.0776e-05
-1.0124,-0.997466,0.00033891,0.0064,0.0061297,1.07519e-05
-1.0124,-0.9975,0.000340468,0.0064,0.00613031,1.07278e-05
-1.0124,-0.997534,0.000342158,0.0062,0.00613047,1.07036e-05
-1.0124,-0.997567,0.000343839,0.0062,0.00613063,1.06794e-05
-1.0126,-0.997601,0.00034471,0.0064,0.00613123,1.06557e-05
-1.0128,-0.997635,0.000346475,0.0062,0.00613139,1.06318e-05
-1.0128,-0.997669,0.00034795,0.0064,0.00613199,1.06082e-05
-1.013,-0.997703,0.000349154,0.0062,0.00613214,1.05845e-05
-1.013,-0.997737,0.00035025,0.006,0.00613184,1.0561e-05
-1.013,-0.997771,0.000351887,0.0062,0.006132,1.05375e-05
-1.013,-0.997805,0.000353173,0.0064,0.00613259,1.05144e-05
-1.013,-0.997839,0.000354725,0.0062,0.00613274,1.04911e-05
-1.013,-0.997872,0.000355585,0.0064,0.00613333,1.04682e-05
-1.013,-0.997905,0.00035672,0.0064,0.00613392,1.04454e-05
-1.013,-0.997939,0.000357582,0.0066,0.00613494,1.04233e-05
-1.0132,-0.997972,0.000358514,0.0068,0.0061364,1.04024e-05
-1.0132,-0.998005,0.000359644,0.0066,0.00613741,1.03805e-05
-1.0132,-0.998039,0.000360501,0.0068,0.00613886,1.03597e-05
-1.0136,-0.998073,0.000361239,0.007,0.00614074,1.03403e-05
-1.0136,-0.998106,0.000362637,0.007,0.00614261,1.0321e-05
-1.0136,-0.99814,0.000363151,0.0072,0.0061449,1.03034e-05
-1.0138,-0.998174,0.000364806,0.007,0.00614675,1.02842e-05
-1.0138,-0.998208,0.000366488,0.0068,0.00614816,1.02638e-05
-1.014,-0.998242,0.000367933,0.0066,0.00614913,1.02425e-05
-1.0142,-0.998276,0.000369513,0.0068,0.00615053,1.02223e-05
-1.0142,-0.99831,0.000371351,0.007,0.00615236,1.02034e-05
-1.0142,-0.998344,0.000373114,0.007,0.00615417,1.01846e-05
-1.0146,-0.998379,0.00037464,0.0068,0.00615555,1.01646e-05
-1.0146,-0.998413,0.000376742,0.0066,0.0061565,1.01437e-05
-1.0146,-0.998448,0.000378176,0.0066,0.00615744,1.01229e-05
-1.0148,-0.998482,0.000379752,0.0064,0.00615796,1.01016e-05
-1.0148,-0.998517,0.000381014,0.0062,0.00615805,1.00802e-05
-1.015,-0.998552,0.000382334,0.0064,0.00615856,1.00591e-05
-1.0152,-0.998587,0.000383681,0.0062,0.00615865,1.00378e-05
-1.0152,-0.998622,0.000385325,0.0062,0.00615873,1.00166e-05
-1.0152,-0.998657,0.000386401,0.0064,0.00615924,9.99577e-06
-1.0152,-0.998691,0.00038829,0.0062,0.00615933,9.97477e-06
-1.0154,-0.998726,0.000389402,0.0064,0.00615983,9.95408e-06
-1.0156,-0.998762,0.000390903,0.0066,0.00616075,9.93407e-06
-1.016,-0.998798,0.000392687,0.0064,0.00616125,9.91355e-06
-1.0162,-0.998834,0.000394092,0.0066,0.00616216,9.8937e-06
-1.0162,-0.99887,0.000395493,0.0064,0.00616265,9.87336e-06
-1.0162,-0.998906,0.000397015,0.0062,0.00616273,9.85288e-06
-1.0162,-0.998941,0.000398413,0.006,0.00616239,9.83258e-06
-1.0164,-0.998977,0.000400706,0.0062,0.00616247,9.81225e-06
-1.0162,-0.999013,0.000402341,0.0064,0.00616296,9.79225e-06
-1.0162,-0.999048,0.000403981,0.0062,0.00616304,9.7721e-06
-1.0162,-0.999083,0.000405531,0.0064,0.00616352,9.75227e-06
-1.0162,-0.999118,0.000406889,0.0066,0.00616441,9.73305e-06
-1.0164,-0.999154,0.000408759,0.0068,0.00616571,9.7148e-06
-1.0164,-0.999189,0.000410823,0.0068,0.006167,9.69661e-06
-1.0164,-0.999224,0.000412879,0.0068,0.00616829,9.67849e-06
-1.0166,-0.999259,0.000414325,0.007,0.00616998,9.66164e-06
-1.0166,-0.999294,0.000416057,0.0072,0.00617206,9.64631e-06
-1.0166,-0.999329,0.000417721,0.007,0.00617373,9.62955e-06
-1.0166,-0.999364,0.000419285,0.0068,0.006175,9.61168e-06
-1.0168,-0.999399,0.00042019,0.0066,0.00617585,9.59303e-06
-1.017,-0.999434,0.000422428,0.0068,0.00617711,9.57529e-06
-1.017,-0.999469,0.000423707,0.0068,0.00617835,9.55761e-06
-1.017,-0.999505,0.000425409,0.0068,0.0061796,9.54001e-06
-1.017,-0.999539,0.000426903,0.0068,0.00618083,9.52247e-06
-1.0172,-0.999575,0.000428185,0.007,0.00618247,9.50614e-06
-1.0174,-0.99961,0.00043006,0.0072,0.00618449,9.49131e-06
-1.0174,-0.999645,0.000431927,0.0072,0.0061865,9.47653e-06
-1.0176,-0.999681,0.000433445,0.007,0.00618812,9.46034e-06
-1.0176,-0.999716,0.000435212,0.0068,0.00618932,9.4431e-06
-1.0176,-0.999752,0.000436913,0.0068,0.00619053,9.42591e-06
-1.0176,-0.999787,0.000438118,0.007,0.00619212,9.4099e-06
-1.0176,-0.999822,0.000439794,0.007,0.00619371,9.39394e-06
-1.0176,-0.999857,0.000440811,0.0072,0.00619568,9.37946e-06
-1.0176,-0.999891,0.000442617,0.0074,0.00619804,9.36675e-06
-1.0178,-0.999926,0.000444018,0.0072,0.0062,9.35233e-06
-1.0178,-0.999961,0.000445578,0.0072,0.00620195,9.33797e-06
-1.0178,-0.999996,0.000446953,0.0072,0.00620389,9.32364e-06
-1.0178,-1.00003,0.00044868,0.0074,0.00620621,9.31105e-06
-1.018,-1.00007,0.000449531,0.0072,0.00620814,9.29679e-06
-1.018,-1.0001,0.000451798,0.007,0.00620967,9.28121e-06
-1.0182,-1.00014,0.000452965,0.0068,0.00621081,9.26461e-06
-1.0184,-1.00017,0.00045585,0.0066,0.00621156,9.24731e-06
-1.0184,-1.00021,0.000457543,0.0068,0.00621269,9.23084e-06
-1.0184,-1.00024,0.000459238,0.007,0.0062142,9.21546e-06
-1.0184,-1.00027,0.000461381,0.007,0.0062157,9.20015e-06
-1.0184,-1.00031,0.000463354,0.007,0.0062172,9.18487e-06
-1.0184,-1.00034,0.000465809,0.0072,0.00621908,9.17101e-06
-1.0184,-1.00038,0.000467744,0.0074,0.00622133,9.15882e-06
-1.0184,-1.00041,0.00046984,0.0072,0.00622319,9.145e-06
-1.0184,-1.00045,0.00047118,0.0072,0.00622504,9.13124e-06
-1.0184,-1.00048,0.00047253,0.0072,0.00622689,9.11751e-06
-1.0184,-1.00051,0.000473889,0.007,0.00622835,9.10251e-06
-1.0184,-1.00055,0.000476224,0.007,0.00622981,9.08756e-06
-1.0184,-1.00058,0.000477629,0.0072,0.00623163,9.07395e-06
-1.0184,-1.00061,0.000479948,0.0072,0.00623345,9.06039e-06
-1.0184,-1.00065,0.000481111,0.0074,0.00623564,9.04847e-06
-1.0184,-1.00068,0.000483887,0.0076,0.0062382,9.03846e-06
-1.0184,-1.00071,0.000485338,0.0078,0.00624112,9.03064e-06
-1.0184,-1.00075,0.000487682,0.0078,0.00624403,9.02282e-06
-1.0184,-1.00078,0.000490416,0.008,0.0062473,9.01749e-06
-1.0184,-1.00081,0.000491322,0.008,0.00625055,9.01213e-06
-1.0184,-1.00085,0.000494039,0.008,0.0062538,9.00674e-06
-1.0184,-1.00088,0.000495897,0.0078,0.00625666,8.99888e-06
-1.0184,-1.00091,0.000497945,0.0076,0.00625915,8.98889e-06
-1.0186,-1.00094,0.000499191,0.0078,0.00626199,8.98103e-06
-1.0186,-1.00098,0.00049849,0.0078,0.00626482,8.97318e-06
-1.0186,-1.00101,0.000499253,0.0078,0.00626764,8.9653e-06
-1.0186,-1.00104,0.000500462,0.0076,0.00627009,8.95534e-06
-1.0186,-1.00107,0.00050144,0.0078,0.00627289,8.94748e-06
-1.0186,-1.0011,0.000502632,0.0078,0.00627568,8.93961e-06
-1.0186,-1.00114,0.000503896,0.0078,0.00627846,8.93175e-06
-1.0186,-1.00117,0.000505162,0.008,0.0062816,8.92625e-06
-1.0186,-1.0012,0.000505937,0.0078,0.00628436,8.91838e-06
-1.0186,-1.00123,0.000506488,0.0076,0.00628675,8.90843e-06
-1.0188,-1.00126,0.000507973,0.0074,0.00628877,8.89676e-06
-1.019,-1.0013,0.000508869,0.0072,0.00629041,8.88363e-06
-1.0192,-1.00133,0.000510116,0.0074,0.00629242,8.87202e-06
-1.0192,-1.00136,0.000510309,0.0076,0.00629477,8.86216e-06
-1.0194,-1.00139,0.000512725,0.0074,0.00629676,8.85058e-06
-1.0198,-1.00143,0.000514305,0.0072,0.00629838,8.8376e-06
-1.02,-1.00146,0.000516176,0.0074,0.00630036,8.82607e-06
-1.02,-1.00149,0.000517088,0.0074,0.00630232,8.81457e-06
-1.0202,-1.00153,0.000519196,0.0072,0.00630393,8.80168e-06
-1.0204,-1.00156,0.000521604,0.0074,0.00630588,8.79025e-06
-1.0204,-1.00159,0.00052356,0.0074,0.00630783,8.77883e-06
-1.0204,-1.00163,0.000525076,0.0076,0.00631012,8.76915e-06
-1.0204,-1.00166,0.000526853,0.0076,0.00631241,8.75947e-06
-1.0204,-1.00169,0.000528604,0.0076,0.00631469,8.7498e-06
-1.0208,-1.00173,0.00052964,0.0074,0.00631661,8.73847e-06
-1.0208,-1.00176,0.000530861,0.0074,0.00631852,8.72718e-06
-1.0208,-1.00179,0.000531647,0.0074,0.00632042,8.7159e-06
-1.0208,-1.00183,0.000533344,0.0074,0.00632232,8.70465e-06
-1.0208,-1.00186,0.000534552,0.0074,0.00632421,8.69343e-06
-1.0208,-1.00189,0.000535328,0.0072,0.00632574,8.68087e-06
-1.0208,-1.00193,0.000537015,0.007,0.00632692,8.66725e-06
-1.0208,-1.00196,0.000537697,0.0072,0.00632845,8.65476e-06
-1.0208,-1.00199,0.000539289,0.007,0.00632962,8.64124e-06
-1.0208,-1.00203,0.000539599,0.007,0.00633078,8.62774e-06
-1.021,-1.00206,0.000541262,0.0068,0.0063316,8.6135e-06
-1.021,-1.00209,0.00054292,0.007,0.00633275,8.60009e-06
-1.021,-1.00212,0.000544122,0.0072,0.00633425,8.5878e-06
-1.021,-1.00216,0.000545319,0.0072,0.00633575,8.57553e-06
-1.021,-1.00219,0.000546538,0.0074,0.00633758,8.56462e-06
-1.0212,-1.00222,0.00054828,0.0072,0.00633907,8.55242e-06
-1.0212,-1.00225,0.000550436,0.0072,0.00634055,8.54024e-06
-1.0212,-1.00229,0.000552585,0.0072,0.00634202,8.52811e-06
-1.0212,-1.00232,0.000553805,0.0074,0.00634383,8.51731e-06
-1.0212,-1.00235,0.000556691,0.0076,0.00634598,8.50812e-06
-1.0212,-1.00238,0.0005578,0.0078,0.00634846,8.50079e-06
-1.0212,-1.00241,0.000560565,0.0076,0.0063506,8.49162e-06
-1.0214,-1.00245,0.000561186,0.0074,0.00635238,8.4809e-06
-1.0214,-1.00248,0.000562577,0.0076,0.0063545,8.47176e-06
-1.0216,-1.00251,0.000564251,0.0074,0.00635627,8.46107e-06
-1.0216,-1.00254,0.00056592,0.0072,0.0063577,8.44914e-06
-1.0216,-1.00258,0.000567264,0.007,0.00635878,8.43625e-06
-1.0216,-1.00261,0.000569427,0.007,0.00635986,8.42339e-06
-1.0216,-1.00264,0.000571587,0.0068,0.0063606,8.40985e-06
-1.0216,-1.00267,0.000572455,0.007,0.00636168,8.39705e-06
-1.022,-1.0027,0.000574301,0.0072,0.00636309,8.38529e-06
-1.022,-1.00274,0.00057696,0.0074,0.00636482,8.37482e-06
-1.0222,-1.00277,0.000579027,0.0072,0.00636622,8.36313e-06
-1.0222,-1.0028,0.000579454,0.007,0.00636728,8.35049e-06
-1.0222,-1.00283,0.000581918,0.0072,0.00636867,8.33887e-06
-1.0222,-1.00287,0.000582746,0.0072,0.00637005,8.32727e-06
-1.0222,-1.0029,0.000585245,0.0072,0.00637143,8.31569e-06
-1.0222,-1.00293,0.000586063,0.0072,0.0063728,8.30417e-06
-1.0222,-1.00296,0.000587448,0.0072,0.00637417,8.29265e-06
-1.0222,-1.00299,0.000588878,0.0072,0.00637554,8.28118e-06
-1.0224,-1.00303,0.000590079,0.007,0.00637657,8.26877e-06
-1.0222,-1.00306,0.000592203,0.0068,0.00637726,8.25573e-06
-1.0222,-1.00309,0.000593515,0.007,0.00637829,8.2434e-06
-1.0222,-1.00312,0.000594371,0.007,0.00637931,8.23111e-06
-1.0222,-1.00315,0.000596477,0.007,0.00638033,8.21886e-06
-1.0222,-1.00318,0.000596975,0.0068,0.00638101,8.20596e-06
-1.0224,-1.00322,0.000598938,0.007,0.00638202,8.19379e-06
-1.0224,-1.00325,0.000600109,0.007,0.00638303,8.18164e-06
-1.0224,-1.00328,0.000601145,0.007,0.00638404,8.16954e-06
-1.0226,-1.00331,0.000603037,0.0072,0.00638536,8.15839e-06
-1.0226,-1.00334,0.000605691,0.0072,0.00638669,8.14728e-06
-1.0226,-1.00337,0.000607049,0.0072,0.006388,8.13621e-06
-1.0226,-1.0034,0.000608426,0.0074,0.00638964,8.12633e-06
-1.0226,-1.00343,0.000610183,0.0074,0.00639127,8.11648e-06
-1.0228,-1.00346,0.000611389,0.0076,0.00639322,8.10808e-06
-1.0226,-1.0035,0.00061276,0.0078,0.00639549,8.10138e-06
-1.0226,-1.00353,0.000613904,0.0078,0.00639775,8.09466e-06
-1.0226,-1.00356,0.000616099,0.0078,0.0064,8.08796e-06
-1.0226,-1.00359,0.000617504,0.0078,0.00640224,8.08126e-06
-1.0226,-1.00362,0.000618514,0.0078,0.00640448,8.07456e-06
-1.0226,-1.00365,0.000620301,0.0078,0.00640671,8.06786e-06
-1.0226,-1.00368,0.000621254,0.0078,0.00640893,8.06117e-06
-1.0226,-1.00371,0.000622889,0.0076,0.00641083,8.05283e-06
-1.0224,-1.00374,0.000623889,0.0074,0.0064124,8.04312e-06
-1.0224,-1.00377,0.000624304,0.0074,0.00641397,8.03343e-06
-1.0224,-1.0038,0.000625305,0.0074,0.00641553,8.02375e-06
-1.0226,-1.00383,0.000626382,0.0076,0.0064174,8.01548e-06
-1.0228,-1.00386,0.000627339,0.0078,0.00641959,8.00884e-06
-1.023,-1.00389,0.000628758,0.0076,0.00642145,8.0006e-06
-1.023,-1.00392,0.000629402,0.0076,0.00642331,7.99236e-06
-1.0232,-1.00395,0.000630692,0.0078,0.00642547,7.98573e-06
-1.0234,-1.00398,0.000632087,0.008,0.00642794,7.98096e-06
-1.0238,-1.00401,0.000633828,0.0078,0.00643009,7.97432e-06
-1.024,-1.00404,0.000634548,0.008,0.00643255,7.96954e-06
-1.024,-1.00407,0.000636599,0.0082,0.00643531,7.96683e-06
-1.024,-1.0041,0.000637648,0.0082,0.00643806,7.96409e-06
-1.024,-1.00413,0.000639262,0.0082,0.00644081,7.96133e-06
-1.024,-1.00416,0.000640305,0.0082,0.00644355,7.95855e-06
-1.024,-1.0042,0.000641534,0.008,0.00644596,7.9537e-06
-1.0238,-1.00423,0.000642667,0.0078,0.00644806,7.94703e-06
-1.0238,-1.00426,0.00064398,0.008,0.00645046,7.94217e-06
-1.0242,-1.00429,0.000646015,0.0078,0.00645255,7.9355e-06
-1.0244,-1.00432,0.000646997,0.008,0.00645494,7.93064e-06
-1.0246,-1.00435,0.000647672,0.0082,0.00645763,7.92777e-06
-1.0246,-1.00438,0.000649878,0.008,0.00646,7.92289e-06
-1.0246,-1.00441,0.000651141,0.0082,0.00646267,7.92e-06
-1.0246,-1.00444,0.000653309,0.008,0.00646503,7.91509e-06
-1.0246,-1.00447,0.000654539,0.0078,0.00646708,7.9084e-06
-1.0246,-1.0045,0.000655386,0.008,0.00646942,7.90348e-06
-1.0246,-1.00453,0.000656977,0.0082,0.00647206,7.90052e-06
-1.0246,-1.00457,0.000658376,0.0082,0.0064747,7.89756e-06
-1.0246,-1.0046,0.000659582,0.0082,0.00647732,7.89458e-06
-1.0246,-1.00463,0.000660645,0.0084,0.00648024,7.8938e-06
-1.0246,-1.00466,0.000662633,0.0086,0.00648346,7.89544e-06
-1.0246,-1.00469,0.000663491,0.0084,0.00648636,7.89459e-06
-1.0246,-1.00472,0.000664347,0.0082,0.00648896,7.89151e-06
-1.0248,-1.00475,0.000666571,0.0084,0.00649184,7.8906e-06
-1.0248,-1.00478,0.000668605,0.0084,0.00649472,7.88967e-06
-1.025,-1.00481,0.000669217,0.0082,0.00649729,7.88652e-06
-1.025,-1.00484,0.000670424,0.008,0.00649955,7.88145e-06
-1.0252,-1.00487,0.000671157,0.0078,0.0065015,7.87466e-06
-1.0256,-1.0049,0.000673354,0.0076,0.00650315,7.86647e-06
-1.0254,-1.00493,0.000675454,0.0074,0.00650449,7.85707e-06
-1.0254,-1.00496,0.000676645,0.0076,0.00650613,7.8489e-06
-1.0256,-1.00499,0.000678087,0.0074,0.00650746,7.83956e-06
-1.026,-1.00502,0.000679321,0.0072,0.0065085,7.8293e-06
-1.0264,-1.00505,0.000681444,0.007,0.00650923,7.81835e-06
-1.0266,-1.00509,0.00068346,0.0068,0.00650966,7.80696e-06
-1.0266,-1.00512,0.000684383,0.007,0.00651039,7.79607e-06
-1.0268,-1.00515,0.000685477,0.0068,0.00651082,7.78476e-06
-1.0268,-1.00518,0.000688433,0.007,0.00651154,7.77393e-06
-1.0268,-1.00521,0.000689417,0.0072,0.00651256,7.76385e-06
-1.0268,-1.00525,0.000691098,0.0074,0.00651386,7.7547e-06
-1.0268,-1.00528,0.000693246,0.0076,0.00651546,7.74673e-06
-1.0272,-1.00531,0.000694331,0.0074,0.00651677,7.73762e-06
-1.0272,-1.00534,0.000696353,0.0074,0.00651806,7.72854e-06
-1.0274,-1.00538,0.000698833,0.0076,0.00651965,7.72063e-06
-1.0274,-1.00541,0.000700299,0.0076,0.00652123,7.71274e-06
-1.0276,-1.00544,0.000702602,0.0078,0.0065231,7.70621e-06
-1.0278,-1.00547,0.000705339,0.0076,0.00652467,7.69834e-06
-1.0278,-1.00551,0.000707889,0.0076,0.00652624,7.69048e-06
-1.0278,-1.00554,0.000710249,0.0076,0.0065278,7.68263e-06
-1.0278,-1.00557,0.000712784,0.0076,0.00652936,7.6748e-06
-1.0278,-1.0056,0.00071518,0.0076,0.00653091,7.66698e-06
-1.0278,-1.00563,0.000717038,0.0078,0.00653275,7.66051e-06
-1.0278,-1.00567,0.000719084,0.008,0.00653488,7.65565e-06
-1.0278,-1.0057,0.000722183,0.008,0.00653699,7.65077e-06
-1.0278,-1.00573,0.000723852,0.008,0.0065391,7.64591e-06
-1.0278,-1.00576,0.000726418,0.0078,0.00654092,7.63945e-06
-1.0278,-1.00579,0.000728461,0.0076,0.00654244,7.63167e-06
-1.0278,-1.00583,0.000730678,0.0074,0.00654368,7.62281e-06
-1.028,-1.00586,0.000732239,0.0072,0.00654462,7.61311e-06
-1.028,-1.00589,0.000734698,0.0074,0.00654584,7.60428e-06
-1.028,-1.00592,0.000735805,0.0074,0.00654707,7.59548e-06
-1.0282,-1.00595,0.000738059,0.0072,0.006548,7.58583e-06
-1.0284,-1.00598,0.000740404,0.0074,0.00654921,7.57706e-06
-1.0284,-1.00602,0.000741698,0.0074,0.00655043,7.56832e-06
-1.0284,-1.00605,0.000744715,0.0076,0.00655192,7.56069e-06
-1.0286,-1.00608,0.0007463,0.0074,0.00655312,7.55197e-06
-1.0286,-1.00611,0.000747182,0.0074,0.00655432,7.54328e-06
-1.0286,-1.00614,0.000748901,0.0074,0.00655552,7.5346e-06
-1.0288,-1.00618,0.000750693,0.0072,0.00655643,7.52512e-06
-1.0288,-1.00621,0.000752186,0.007,0.00655706,7.51502e-06
-1.0288,-1.00624,0.000753109,0.007,0.00655768,7.50497e-06
-1.0288,-1.00627,0.000755601,0.0072,0.00655859,7.49555e-06
-1.0288,-1.0063,0.000757411,0.0074,0.00655977,7.48698e-06
-1.0288,-1.00633,0.000759216,0.0074,0.00656095,7.47844e-06
-1.029,-1.00637,0.000760644,0.0076,0.00656241,7.47097e-06
-1.029,-1.0064,0.000762711,0.0076,0.00656386,7.46352e-06
-1.029,-1.00643,0.00076444,0.0078,0.00656559,7.45734e-06
-1.029,-1.00646,0.000766507,0.008,0.00656759,7.45266e-06
-1.0294,-1.00649,0.000767705,0.0078,0.00656931,7.44648e-06
-1.0294,-1.00653,0.000769154,0.0078,0.00657103,7.44032e-06
-1.0296,-1.00656,0.000771364,0.008,0.00657302,7.43563e-06
-1.0298,-1.00659,0.000773529,0.0078,0.00657472,7.42947e-06
-1.03,-1.00662,0.000775431,0.008,0.0065767,7.4248e-06
-1.03,-1.00665,0.000777497,0.008,0.00657867,7.42011e-06
-1.0304,-1.00669,0.000778882,0.0082,0.00658091,7.4171e-06
-1.0306,-1.00672,0.000781869,0.008,0.00658287,7.4124e-06
-1.0306,-1.00675,0.000783188,0.008,0.00658482,7.40772e-06
-1.0306,-1.00679,0.000786182,0.008,0.00658677,7.40301e-06
-1.0308,-1.00682,0.000788204,0.0082,0.00658899,7.39997e-06
-1.0308,-1.00685,0.000789239,0.0082,0.00659121,7.39695e-06
-1.0308,-1.00689,0.00079079,0.0082,0.00659341,7.39389e-06
-1.031,-1.00692,0.000793585,0.0084,0.00659589,7.3927e-06
-1.031,-1.00695,0.00079569,0.0086,0.00659863,7.39358e-06
-1.031,-1.00698,0.000797272,0.0084,0.00660109,7.39236e-06
-1.0312,-1.00702,0.000799292,0.0086,0.00660382,7.39316e-06
-1.0312,-1.00705,0.00080113,0.0086,0.00660654,7.39392e-06
-1.0312,-1.00708,0.00080297,0.0088,0.00660952,7.39693e-06
-1.0316,-1.00712,0.000805828,0.0086,0.00661223,7.39764e-06
-1.0316,-1.00715,0.00080789,0.0086,0.00661492,7.39829e-06
-1.0316,-1.00718,0.000809779,0.0088,0.00661789,7.40119e-06
-1.0316,-1.00722,0.000811331,0.0086,0.00662057,7.40178e-06
-1.0316,-1.00725,0.000813864,0.0086,0.00662324,7.40235e-06
-1.0318,-1.00728,0.000815944,0.0084,0.00662564,7.40086e-06
-1.0318,-1.00731,0.000818182,0.0084,0.00662803,7.39937e-06
-1.0318,-1.00735,0.000819788,0.0086,0.00663069,7.39986e-06
-1.0318,-1.00738,0.00082254,0.0088,0.0066336,7.40255e-06
-1.0318,-1.00741,0.000824465,0.0088,0.00663651,7.40519e-06
-1.0316,-1.00745,0.000825643,0.009,0.00663968,7.41024e-06
-1.0316,-1.00748,0.0008278,0.0088,0.00664257,7.4128e-06
-1.0318,-1.00751,0.000829547,0.0086,0.00664519,7.41311e-06
-1.0318,-1.00754,0.000831302,0.0086,0.0066478,7.4134e-06
-1.032,-1.00758,0.00083434,0.0084,0.00665013,7.41169e-06
-1.032,-1.00761,0.000835723,0.0084,0.00665246,7.40997e-06
-1.032,-1.00764,0.000838063,0.0084,0.00665479,7.40823e-06
-1.0322,-1.00767,0.000840989,0.0082,0.00665684,7.40471e-06
-1.0322,-1.00771,0.00084263,0.0084,0.00665915,7.40294e-06
-1.0322,-1.00774,0.000844935,0.0086,0.00666172,7.40309e-06
-1.0322,-1.00777,0.000846163,0.0088,0.00666455,7.40538e-06
-1.0326,-1.0078,0.000848463,0.0086,0.00666711,7.40547e-06
-1.0328,-1.00784,0.000851344,0.0084,0.00666939,7.40363e-06
-1.0328,-1.00787,0.000853573,0.0086,0.00667194,7.40367e-06
-1.0328,-1.0079,0.000855836,0.0084,0.00667421,7.40178e-06
-1.0328,-1.00793,0.000858279,0.0086,0.00667674,7.40179e-06
-1.0328,-1.00797,0.000861046,0.0086,0.00667927,7.40176e-06
-1.0328,-1.008,0.000862674,0.0088,0.00668205,7.40385e-06
-1.033,-1.00803,0.000864785,0.0086,0.00668456,7.40376e-06
-1.0332,-1.00807,0.000866816,0.0088,0.00668732,7.40579e-06
-1.0334,-1.0081,0.000869728,0.0086,0.00668982,7.40565e-06
-1.0334,-1.00813,0.000871747,0.0086,0.00669231,7.4055e-06
-1.0336,-1.00816,0.000874283,0.0088,0.00669505,7.40742e-06
-1.0336,-1.0082,0.000876096,0.009,0.00669805,7.41159e-06
-1.034,-1.00823,0.00087876,0.0088,0.00670078,7.41344e-06
-1.034,-1.00826,0.000880144,0.0086,0.00670325,7.41316e-06
-1.034,-1.0083,0.000882789,0.0086,0.0067057,7.41286e-06
-1.034,-1.00833,0.000885112,0.0084,0.00670789,7.41069e-06
-1.034,-1.00836,0.000887424,0.0084,0.00671008,7.40849e-06
-1.0342,-1.0084,0.000889343,0.0082,0.006712,7.40463e-06
-1.0342,-1.00843,0.000892833,0.0084,0.00671418,7.40243e-06
-1.0342,-1.00846,0.000895055,0.0086,0.00671661,7.40203e-06
-1.0342,-1.0085,0.000896955,0.0088,0.00671928,7.40366e-06
-1.0346,-1.00853,0.000899653,0.0086,0.0067217,7.40322e-06
-1.035,-1.00856,0.000902838,0.0084,0.00672385,7.40095e-06
-1.035,-1.0086,0.000905726,0.0084,0.006726,7.39866e-06
-1.035,-1.00863,0.000907972,0.0084,0.00672814,7.39636e-06
-1.0352,-1.00867,0.000911397,0.0082,0.00673002,7.39244e-06
-1.0354,-1.0087,0.000912871,0.0084,0.00673215,7.39011e-06
-1.0354,-1.00873,0.000915898,0.0082,0.00673402,7.38617e-06
-1.0352,-1.00877,0.000917668,0.0084,0.00673614,7.38382e-06
-1.0352,-1.0088,0.000920713,0.0082,0.006738,7.37986e-06
-1.0352,-1.00883,0.000922111,0.0084,0.00674011,7.3775e-06
-1.0352,-1.00887,0.000924532,0.0084,0.00674221,7.3751e-06
-1.035,-1.0089,0.000927323,0.0086,0.00674456,7.37448e-06
-1.035,-1.00893,0.000929094,0.0086,0.00674691,7.37385e-06
-1.035,-1.00897,0.000931525,0.0086,0.00674925,7.3732e-06
-1.035,-1.009,0.00093424,0.0084,0.00675133,7.37076e-06
-1.0352,-1.00903,0.000936324,0.0082,0.00675315,7.36674e-06
-1.0352,-1.00907,0.00093873,0.0082,0.00675497,7.36272e-06
-1.0352,-1.0091,0.000940497,0.0082,0.00675679,7.35872e-06
-1.0354,-1.00913,0.000943113,0.008,0.00675835,7.35336e-06
-1.0354,-1.00916,0.000944171,0.008,0.00675991,7.34799e-06
-1.0354,-1.0092,0.000946919,0.008,0.00676146,7.34264e-06
-1.0356,-1.00923,0.000948829,0.0082,0.00676326,7.33861e-06
-1.0356,-1.00926,0.00095142,0.0082,0.00676505,7.33459e-06
-1.0356,-1.0093,0.000953776,0.0084,0.00676709,7.3321e-06
-1.0356,-1.00933,0.000956051,0.0086,0.00676937,7.33132e-06
-1.0358,-1.00936,0.000958409,0.0084,0.0067714,7.32881e-06
-1.0358,-1.00939,0.000960381,0.0084,0.00677342,7.32629e-06
-1.036,-1.00943,0.000961973,0.0086,0.00677569,7.32546e-06
-1.036,-1.00946,0.000964697,0.0086,0.00677795,7.32462e-06
-1.036,-1.00949,0.000966277,0.0086,0.0067802,7.32374e-06
-1.036,-1.00953,0.000968532,0.0086,0.00678245,7.32287e-06
-1.036,-1.00956,0.000970565,0.0084,0.00678445,7.32027e-06
-1.0362,-1.00959,0.000972435,0.0082,0.0067862,7.31618e-06
-1.0362,-1.00962,0.000975282,0.008,0.00678769,7.31078e-06
-1.0364,-1.00966,0.000977682,0.0078,0.00678894,7.30431e-06
-1.0366,-1.00969,0.000979191,0.0076,0.00678993,7.29694e-06
-1.0368,-1.00972,0.00098203,0.0078,0.00679117,7.29048e-06
-1.0366,-1.00976,0.00098323,0.008,0.00679265,7.28511e-06
-1.0366,-1.00979,0.000985241,0.0078,0.00679389,7.27867e-06
-1.0368,-1.00982,0.000987849,0.0076,0.00679487,7.27136e-06
-1.0368,-1.00986,0.000990219,0.0076,0.00679586,7.26404e-06
-1.0368,-1.00989,0.00099236,0.0076,0.00679684,7.25675e-06
-1.037,-1.00992,0.000994365,0.0074,0.00679757,7.24879e-06
-1.037,-1.00995,0.00099732,0.0074,0.0067983,7.24085e-06
-1.037,-1.00999,0.0010002,0.0074,0.00679903,7.23291e-06
-1.0372,-1.01002,0.00100271,0.0076,0.00680001,7.2257e-06
-1.0374,-1.01005,0.00100423,0.0078,0.00680122,7.21933e-06
-1.0374,-1.01009,0.00100625,0.008,0.00680267,7.21407e-06
-1.0374,-1.01012,0.00100893,0.0082,0.00680436,7.21006e-06
-1.0374,-1.01015,0.00101138,0.0084,0.00680629,7.2075e-06
-1.0374,-1.01019,0.00101382,0.0086,0.00680845,7.20654e-06
-1.0378,-1.01022,0.00101605,0.0088,0.00681085,7.2074e-06
-1.038,-1.01025,0.00101748,0.0086,0.006813,7.20643e-06
-1.0378,-1.01029,0.0010208,0.0084,0.00681491,7.2038e-06
-1.038,-1.01032,0.00102244,0.0086,0.00681705,7.20279e-06
-1.0384,-1.01035,0.00102514,0.0088,0.00681943,7.20357e-06
-1.0386,-1.01039,0.00102868,0.009,0.00682204,7.20632e-06
-1.0386,-1.01042,0.00103105,0.0092,0.00682489,7.21122e-06
-1.0386,-1.01045,0.001034,0.0094,0.00682796,7.21844e-06
-1.0386,-1.01049,0.00103658,0.0092,0.00683079,7.22325e-06
-1.0386,-1.01052,0.00104001,0.009,0.00683338,7.22585e-06
-1.0386,-1.01055,0.00104278,0.0092,0.0068362,7.23058e-06
-1.0386,-1.01059,0.00104614,0.0092,0.00683901,7.23525e-06
-1.0386,-1.01062,0.0010489,0.0092,0.00684181,7.23991e-06
-1.0386,-1.01065,0.00105194,0.009,0.00684437,7.24236e-06
-1.0386,-1.01069,0.00105438,0.009,0.00684693,7.24478e-06
-1.0384,-1.01072,0.00105673,0.0092,0.00684971,7.2493e-06
-1.0386,-1.01075,0.0010596,0.0094,0.00685273,7.2561e-06
-1.0388,-1.01079,0.00106168,0.0092,0.0068555,7.26054e-06
-1.0388,-1.01082,0.00106412,0.0094,0.0068585,7.26723e-06
-1.0388,-1.01085,0.00106605,0.0096,0.00686173,7.27635e-06
-1.0388,-1.01088,0.00106827,0.0096,0.00686495,7.28542e-06
-1.0388,-1.01092,0.00107091,0.0098,0.0068684,7.29708e-06
-1.0392,-1.01095,0.0010732,0.01,0.00687207,7.31153e-06
-1.0392,-1.01098,0.00107657,0.01,0.00687574,7.32588e-06
-1.0392,-1.01102,0.00107929,0.0102,0.00687963,7.34317e-06
-1.0392,-1.01105,0.0010813,0.0104,0.00688375,7.36357e-06
-1.0396,-1.01108,0.00108372,0.0106,0.00688809,7.38722e-06
-1.0396,-1.01112,0.00108593,0.0108,0.00689266,7.41432e-06
-1.0398,-1.01115,0.0010888,0.0106,0.00689698,7.4377e-06
-1.0398,-1.01118,0.00109094,0.0106,0.00690129,7.46097e-06
-1.04,-1.01122,0.00109389,0.0104,0.00690536,7.48076e-06
-1.04,-1.01125,0.00109656,0.0104,0.00690941,7.50044e-06
-1.0402,-1.01128,0.00109889,0.0102,0.00691323,7.51685e-06
-1.0402,-1.01132,0.00110171,0.0104,0.00691727,7.5363e-06
-1.0402,-1.01135,0.00110347,0.0104,0.0069213,7.55564e-06
-1.0402,-1.01138,0.00110605,0.0106,0.00692556,7.57818e-06
-1.0402,-1.01142,0.00110862,0.0104,0.00692957,7.59729e-06
-1.0406,-1.01145,0.00111051,0.0102,0.00693334,7.61318e-06
-1.0406,-1.01148,0.00111409,0.01,0.00693687,7.62605e-06
-1.0406,-1.01152,0.00111611,0.0102,0.00694063,7.64177e-06
-1.0406,-1.01155,0.00111947,0.0102,0.00694437,7.65741e-06
-1.0406,-1.01158,0.00112155,0.01,0.00694788,7.67003e-06
-1.0406,-1.01162,0.00112415,0.0098,0.00695115,7.67988e-06
-1.041,-1.01165,0.00112595,0.01,0.00695465,7.69236e-06
-1.041,-1.01169,0.0011296,0.0102,0.00695836,7.70764e-06
-1.0412,-1.01172,0.00113162,0.0104,0.00696229,7.72592e-06
-1.0414,-1.01175,0.00113446,0.0106,0.00696645,7.74729e-06
-1.0416,-1.01179,0.00113738,0.0108,0.00697082,7.77196e-06
-1.0416,-1.01182,0.00113995,0.011,0.00697541,7.80009e-06
-1.0416,-1.01185,0.00114192,0.011,0.00697998,7.82805e-06
-1.0416,-1.01189,0.00114517,0.011,0.00698455,7.85588e-06
-1.0416,-1.01192,0.00114758,0.011,0.00698911,7.88355e-06
-1.0416,-1.01196,0.00115054,0.0108,0.00699343,7.90755e-06
-1.0416,-1.01199,0.00115293,0.011,0.00699797,7.93494e-06
-1.0418,-1.01202,0.00115555,0.0112,0.00700272,7.96591e-06
-1.0418,-1.01206,0.00115925,0.0112,0.00700747,7.9967e-06
-1.042,-1.01209,0.00116137,0.011,0.00701197,8.02364e-06
-1.042,-1.01212,0.00116515,0.0112,0.00701669,8.05413e-06
-1.042,-1.01216,0.00116713,0.011,0.00702118,8.08078e-06
-1.042,-1.01219,0.00117041,0.0108,0.00702543,8.10381e-06
-1.0422,-1.01223,0.00117278,0.0106,0.00702945,8.12341e-06
-1.0422,-1.01226,0.00117559,0.0104,0.00703323,8.13978e-06
-1.0422,-1.01229,0.00117863,0.0104,0.007037,8.15607e-06
-1.0422,-1.01233,0.00118116,0.0106,0.00704099,8.17537e-06
-1.0422,-1.01236,0.0011849,0.0106,0.00704497,8.19454e-06
-1.0426,-1.01239,0.00118806,0.0104,0.00704872,8.21054e-06
-1.0426,-1.01243,0.00119042,0.0102,0.00705224,8.22353e-06
-1.0426,-1.01246,0.00119332,0.0104,0.00705597,8.23935e-06
-1.0428,-1.01249,0.00119501,0.0102,0.00705947,8.25218e-06
-1.043,-1.01253,0.00119758,0.01,0.00706274,8.26222e-06
-1.043,-1.01256,0.00120041,0.01,0.00706601,8.27219e-06
-1.0434,-1.0126,0.00120341,0.0098,0.00706904,8.2796e-06
-1.0434,-1.01263,0.00120702,0.0098,0.00707207,8.28696e-06
-1.0434,-1.01266,0.0012098,0.01,0.00707531,8.29675e-06
-1.0434,-1.0127,0.00121264,0.0098,0.00707833,8.304e-06
-1.0434,-1.01273,0.00121552,0.0098,0.00708133,8.31119e-06
-1.0438,-1.01277,0.00121794,0.01,0.00708456,8.32081e-06
-1.044,-1.0128,0.00122025,0.0098,0.00708755,8.32788e-06
-1.044,-1.01284,0.0012235,0.0096,0.00709032,8.3326e-06
-1.044,-1.01287,0.00122635,0.0096,0.00709308,8.33729e-06
-1.044,-1.0129,0.00122891,0.0098,0.00709605,8.34422e-06
-1.044,-1.01294,0.00123242,0.0098,0.00709902,8.3511e-06
-1.0444,-1.01297,0.00123552,0.01,0.0071022,8.3604e-06
-1.0444,-1.01301,0.00123856,0.0102,0.00710559,8.37225e-06
-1.0444,-1.01304,0.00124158,0.0102,0.00710898,8.38405e-06
-1.0446,-1.01308,0.00124501,0.0104,0.00711258,8.39855e-06
-1.0446,-1.01311,0.00124766,0.0106,0.00711638,8.41593e-06
-1.0446,-1.01314,0.00125083,0.0106,0.00712018,8.43322e-06
-1.0446,-1.01318,0.00125295,0.0106,0.00712397,8.4504e-06
-1.045,-1.01321,0.0012563,0.0104,0.00712754,8.46456e-06
-1.0454,-1.01325,0.00125929,0.0102,0.00713088,8.47587e-06
-1.0454,-1.01328,0.001263,0.0104,0.00713443,8.48987e-06
-1.0456,-1.01332,0.00126614,0.0102,0.00713775,8.50103e-06
-1.0456,-1.01335,0.00126852,0.01,0.00714085,8.50955e-06
-1.0458,-1.01339,0.00127217,0.0102,0.00714416,8.5206e-06
-1.0458,-1.01342,0.00127534,0.01,0.00714725,8.529e-06
-1.0462,-1.01346,0.00127843,0.0098,0.00715012,8.53498e-06
-1.0466,-1.01349,0.00128276,0.01,0.00715319,8.54326e-06
-1.0466,-1.01353,0.0012863,0.01,0.00715626,8.55151e-06
-1.0468,-1.01357,0.00128926,0.0102,0.00715954,8.56224e-06
-1.0468,-1.0136,0.00129235,0.0102,0.0071628,8.57292e-06
-1.0472,-1.01364,0.00129681,0.01,0.00716585,8.58099e-06
-1.0472,-1.01367,0.00129991,0.0102,0.00716911,8.59153e-06
-1.0474,-1.01371,0.00130271,0.01,0.00717214,8.59947e-06
-1.0476,-1.01375,0.00130678,0.0102,0.00717538,8.60989e-06
-1.0478,-1.01378,0.00130949,0.01,0.00717841,8.61774e-06
-1.048,-1.01382,0.00131406,0.0098,0.00718121,8.62321e-06
-1.048,-1.01386,0.00131757,0.0098,0.007184,8.62863e-06
-1.0482,-1.01389,0.00132155,0.0096,0.00718658,8.63187e-06
-1.0482,-1.01393,0.00132443,0.0094,0.00718893,8.63311e-06
-1.0482,-1.01397,0.00132798,0.0094,0.00719129,8.63432e-06
-1.0482,-1.014,0.00133153,0.0094,0.00719363,8.63549e-06
-1.0482,-1.01404,0.00133482,0.0092,0.00719576,8.63486e-06
-1.0482,-1.01407,0.00133811,0.009,0.00719768,8.63261e-06
-1.0482,-1.01411,0.0013424,0.009,0.00719959,8.63034e-06
-1.0482,-1.01415,0.00134544,0.0088,0.00720128,8.62662e-06
-1.0482,-1.01418,0.00134897,0.0088,0.00720297,8.62289e-06
-1.0482,-1.01422,0.00135148,0.0088,0.00720466,8.61916e-06
-1.0482,-1.01425,0.00135563,0.009,0.00720655,8.61687e-06
-1.0484,-1.01429,0.00135938,0.0088,0.00720823,8.61314e-06
-1.0488,-1.01433,0.00136277,0.009,0.00721011,8.61082e-06
-1.0488,-1.01436,0.00136531,0.0088,0.00721179,8.60708e-06
-1.0488,-1.0144,0.00136957,0.009,0.00721366,8.60475e-06
-1.0488,-1.01444,0.00137277,0.009,0.00721554,8.60242e-06
-1.0488,-1.01447,0.00137557,0.0088,0.0072172,8.59867e-06
-1.0488,-1.01451,0.00137965,0.0088,0.00721886,8.59489e-06
-1.0488,-1.01454,0.00138233,0.0086,0.0072203,8.58987e-06
-1.0488,-1.01458,0.00138607,0.0084,0.00722153,8.5838e-06
-1.0488,-1.01462,0.001389,0.0086,0.00722297,8.57879e-06
-1.0488,-1.01465,0.00139249,0.0088,0.00722462,8.57502e-06
-1.0488,-1.01469,0.0013957,0.0088,0.00722626,8.57124e-06
-1.0488,-1.01472,0.00139903,0.0086,0.00722769,8.56625e-06
-1.049,-1.01476,0.00140213,0.0084,0.00722891,8.5602e-06
-1.049,-1.01479,0.00140561,0.0082,0.00722992,8.55325e-06
-1.0492,-1.01483,0.00140841,0.0084,0.00723113,8.54721e-06
-1.0492,-1.01486,0.00141301,0.0082,0.00723213,8.54029e-06
-1.0494,-1.0149,0.00141631,0.008,0.00723293,8.53267e-06
